{"cameraMode":{"drawMode":0,"name":"Shaded","section":"Shading Mode"},"sceneLighting":true,"audioPlay":false,"sceneViewState":{"showFog":true,"showMaterialUpdate":false,"showSkybox":true,"showFlares":true,"showImageEffects":true,"showParticleSystems":true},"in2DMode":false,"pivot":{"x":-0.11855348944664002,"y":1.2256927490234376,"z":0.3825609087944031},"rotation":{"x":0.029980627819895746,"y":-0.0314805768430233,"z":0.0009447007323615253,"w":0.9990541934967041},"size":0.44622117280960085,"orthographic":false}