{"cameraMode":{"drawMode":0,"name":"Shaded","section":"Shading Mode"},"sceneLighting":true,"audioPlay":false,"sceneViewState":{"showFog":true,"showMaterialUpdate":false,"showSkybox":true,"showFlares":true,"showImageEffects":true,"showParticleSystems":true},"in2DMode":false,"pivot":{"x":1.9275448322296143,"y":-0.5882606506347656,"z":-9.350491523742676},"rotation":{"x":0.007781805004924536,"y":0.9918946623802185,"z":-0.10152540355920792,"w":0.07602842897176743},"size":6.057173252105713,"orthographic":false}