{"cameraMode":{"drawMode":0,"name":"Shaded","section":"Shading Mode"},"sceneLighting":true,"audioPlay":false,"sceneViewState":{"showFog":true,"showMaterialUpdate":false,"showSkybox":true,"showFlares":true,"showImageEffects":true,"showParticleSystems":true},"in2DMode":false,"pivot":{"x":0.8210999965667725,"y":1.3291800022125245,"z":-0.7200000286102295},"rotation":{"x":0.0007535395561717451,"y":-0.9989959597587586,"z":0.01798318326473236,"w":0.04139116406440735},"size":0.1457430124282837,"orthographic":false}