{"cameraMode":{"drawMode":0,"name":"Shaded","section":"Shading Mode"},"sceneLighting":true,"audioPlay":false,"sceneViewState":{"showFog":true,"showMaterialUpdate":false,"showSkybox":true,"showFlares":true,"showImageEffects":true,"showParticleSystems":true},"in2DMode":false,"pivot":{"x":-2.496525526046753,"y":-1.5298959016799927,"z":2.5718178749084474},"rotation":{"x":-0.1480899453163147,"y":0.795202374458313,"z":-0.21521492302417756,"w":-0.5471835136413574},"size":4.049999713897705,"orthographic":false}