{"cameraMode":{"drawMode":0,"name":"Shaded","section":"Shading Mode"},"sceneLighting":true,"audioPlay":false,"sceneViewState":{"showFog":true,"showMaterialUpdate":false,"showSkybox":true,"showFlares":true,"showImageEffects":true,"showParticleSystems":true},"in2DMode":false,"pivot":{"x":-4.155405044555664,"y":3.392033576965332,"z":-0.4683561325073242},"rotation":{"x":-0.16622339189052583,"y":0.7901735901832581,"z":-0.24469737708568574,"w":-0.5367663502693176},"size":10.0,"orthographic":false}