{"cameraMode":{"drawMode":0,"name":"Shaded","section":"Shading Mode"},"sceneLighting":true,"audioPlay":false,"sceneViewState":{"showFog":true,"showMaterialUpdate":false,"showSkybox":true,"showFlares":true,"showImageEffects":true,"showParticleSystems":true},"in2DMode":false,"pivot":{"x":1.079625129699707,"y":-17.821996688842775,"z":-10.307676315307618},"rotation":{"x":0.013586184941232205,"y":-0.8789079785346985,"z":0.4761638641357422,"w":0.025082334876060487},"size":13.079754829406739,"orthographic":false}