{"cameraMode":{"drawMode":0,"name":"Shaded","section":"Shading Mode"},"sceneLighting":true,"audioPlay":false,"sceneViewState":{"showFog":true,"showMaterialUpdate":false,"showSkybox":true,"showFlares":true,"showImageEffects":true,"showParticleSystems":true},"in2DMode":false,"pivot":{"x":-17.683988571166993,"y":-4.936690330505371,"z":7.020773887634277},"rotation":{"x":0.128500834107399,"y":-0.6475176215171814,"z":0.11202242225408554,"w":0.7427485585212708},"size":12.086241722106934,"orthographic":false}