{"cameraMode":{"drawMode":0,"name":"Shaded","section":"Shading Mode"},"sceneLighting":true,"audioPlay":false,"sceneViewState":{"showFog":true,"showMaterialUpdate":false,"showSkybox":true,"showFlares":true,"showImageEffects":true,"showParticleSystems":true},"in2DMode":false,"pivot":{"x":-12.524611473083496,"y":10.917442321777344,"z":21.78789520263672},"rotation":{"x":-0.15522179007530213,"y":0.7126519680023193,"z":-0.1667197048664093,"w":-0.6635040044784546},"size":1.4795477390289307,"orthographic":false}