{"cameraMode":{"drawMode":0,"name":"Shaded","section":"Shading Mode"},"sceneLighting":true,"audioPlay":false,"sceneViewState":{"showFog":true,"showMaterialUpdate":false,"showSkybox":true,"showFlares":true,"showImageEffects":true,"showParticleSystems":true},"in2DMode":false,"pivot":{"x":4.569103240966797,"y":0.976642370223999,"z":2.506195545196533},"rotation":{"x":0.17387297749519349,"y":0.465667724609375,"z":-0.09386099129915238,"w":0.862621545791626},"size":1.1006550788879395,"orthographic":false}