{"cameraMode":{"drawMode":0,"name":"Shaded","section":"Shading Mode"},"sceneLighting":false,"audioPlay":false,"sceneViewState":{"showFog":true,"showMaterialUpdate":false,"showSkybox":false,"showFlares":true,"showImageEffects":true,"showParticleSystems":true},"in2DMode":false,"pivot":{"x":-17.61222267150879,"y":-7.516156196594238,"z":4.477292060852051},"rotation":{"x":-0.15248501300811768,"y":0.6166536211967468,"z":-0.12333212047815323,"w":-0.7624164819717407},"size":10.449999809265137,"orthographic":false}